#Release 14.2 - par P.28xd (nt64)
#Copyright (c) 1995-2012 Xilinx, Inc.  All rights reserved.

#Sat Dec 10 23:25:33 2016

#
## NOTE: This file is designed to be imported into a spreadsheet program
# such as Microsoft Excel for viewing, printing and sorting. The |
# character is used as the data field separator. This file is also designed
# to support parsing.
#
#INPUT FILE:       BVB_Simple_map.ncd
#OUTPUT FILE:      BVB_Simple_pad.csv
#PART TYPE:        xc6slx16
#SPEED GRADE:      -3
#PACKAGE:          csg324
#
# Pinout by Pin Number:
# 
# -----,-----,-----,-----,-----,-----,-----,-----,-----,-----,-----,-----,-----,-----,-----,
Pin Number,Signal Name,Pin Usage,Pin Name,Direction,IO Standard,IO Bank Number,Drive (mA),Slew Rate,Termination,IOB Delay,Voltage,Constraint,IO Register,Signal Integrity,
A1,,,GND,,,,,,,,,,,,
A2,col_id_rd_en<1>,IOB,IO_L2N_0,OUTPUT,LVCMOS25*,0,12,SLOW,,,,UNLOCATED,NO,NONE,
A3,col_id_rd_en<5>,IOB,IO_L4N_0,OUTPUT,LVCMOS25*,0,12,SLOW,,,,UNLOCATED,NO,NONE,
A4,col_id_rd_en<7>,IOB,IO_L5N_0,OUTPUT,LVCMOS25*,0,12,SLOW,,,,UNLOCATED,NO,NONE,
A5,col_id_rd_en<9>,IOB,IO_L6N_0,OUTPUT,LVCMOS25*,0,12,SLOW,,,,UNLOCATED,NO,NONE,
A6,col_id_rd_en<13>,IOB,IO_L8N_VREF_0,OUTPUT,LVCMOS25*,0,12,SLOW,,,,UNLOCATED,NO,NONE,
A7,col_id_empty<3>,IOB,IO_L10N_0,INPUT,LVCMOS25*,0,,,,NONE,,UNLOCATED,NO,NONE,
A8,col_id_empty<9>,IOB,IO_L33N_0,INPUT,LVCMOS25*,0,,,,NONE,,UNLOCATED,NO,NONE,
A9,col_id_empty<13>,IOB,IO_L35N_GCLK16_0,INPUT,LVCMOS25*,0,,,,NONE,,UNLOCATED,NO,NONE,
A10,vec_val_full<2>,IOB,IO_L37N_GCLK12_0,INPUT,LVCMOS25*,0,,,,NONE,,UNLOCATED,NO,NONE,
A11,vec_val_full<10>,IOB,IO_L39N_0,INPUT,LVCMOS25*,0,,,,NONE,,UNLOCATED,NO,NONE,
A12,vec_val_full<14>,IOB,IO_L41N_0,INPUT,LVCMOS25*,0,,,,NONE,,UNLOCATED,NO,NONE,
A13,vec_val_wr_en<1>,IOB,IO_L50N_0,OUTPUT,LVCMOS25*,0,12,SLOW,,,,UNLOCATED,NO,NONE,
A14,vec_val_wr_en<5>,IOB,IO_L62N_VREF_0,OUTPUT,LVCMOS25*,0,12,SLOW,,,,UNLOCATED,NO,NONE,
A15,vec_val_wr_en<9>,IOB,IO_L64N_SCP4_0,OUTPUT,LVCMOS25*,0,12,SLOW,,,,UNLOCATED,NO,NONE,
A16,vec_val_wr_en<13>,IOB,IO_L66N_SCP0_0,OUTPUT,LVCMOS25*,0,12,SLOW,,,,UNLOCATED,NO,NONE,
A17,,,TCK,,,,,,,,,,,,
A18,,,GND,,,,,,,,,,,,
B1,,,VCCAUX,,,,,,,,2.5,,,,
B2,col_id_rd_en<2>,IOB,IO_L2P_0,OUTPUT,LVCMOS25*,0,12,SLOW,,,,UNLOCATED,NO,NONE,
B3,col_id_rd_en<6>,IOB,IO_L4P_0,OUTPUT,LVCMOS25*,0,12,SLOW,,,,UNLOCATED,NO,NONE,
B4,col_id_rd_en<8>,IOB,IO_L5P_0,OUTPUT,LVCMOS25*,0,12,SLOW,,,,UNLOCATED,NO,NONE,
B5,,,VCCO_0,,,0,,,,,2.50,,,,
B6,col_id_empty<2>,IOB,IO_L8P_0,INPUT,LVCMOS25*,0,,,,NONE,,UNLOCATED,NO,NONE,
B7,,,GND,,,,,,,,,,,,
B8,col_id_empty<8>,IOB,IO_L33P_0,INPUT,LVCMOS25*,0,,,,NONE,,UNLOCATED,NO,NONE,
B9,col_id_empty<12>,IOB,IO_L35P_GCLK17_0,INPUT,LVCMOS25*,0,,,,NONE,,UNLOCATED,NO,NONE,
B10,,,VCCO_0,,,0,,,,,2.50,,,,
B11,vec_val_full<9>,IOB,IO_L39P_0,INPUT,LVCMOS25*,0,,,,NONE,,UNLOCATED,NO,NONE,
B12,vec_val_full<13>,IOB,IO_L41P_0,INPUT,LVCMOS25*,0,,,,NONE,,UNLOCATED,NO,NONE,
B13,,,GND,,,,,,,,,,,,
B14,vec_val_wr_en<2>,IOB,IO_L62P_0,OUTPUT,LVCMOS25*,0,12,SLOW,,,,UNLOCATED,NO,NONE,
B15,,,VCCO_0,,,0,,,,,2.50,,,,
B16,vec_val_wr_en<10>,IOB,IO_L66P_SCP1_0,OUTPUT,LVCMOS25*,0,12,SLOW,,,,UNLOCATED,NO,NONE,
B17,,,VCCAUX,,,,,,,,2.5,,,,
B18,,,TMS,,,,,,,,,,,,
C1,,IOBS,IO_L83N_VREF_3,UNUSED,,3,,,,,,,,,
C2,,IOBM,IO_L83P_3,UNUSED,,3,,,,,,,,,
C3,,,GND,,,,,,,,,,,,
C4,col_id_rd_en<15>,IOB,IO_L1N_VREF_0,OUTPUT,LVCMOS25*,0,12,SLOW,,,,UNLOCATED,NO,NONE,
C5,col_id_rd_en<10>,IOB,IO_L6P_0,OUTPUT,LVCMOS25*,0,12,SLOW,,,,UNLOCATED,NO,NONE,
C6,col_id_rd_en<3>,IOB,IO_L3N_0,OUTPUT,LVCMOS25*,0,12,SLOW,,,,UNLOCATED,NO,NONE,
C7,col_id_rd_en<14>,IOB,IO_L10P_0,OUTPUT,LVCMOS25*,0,12,SLOW,,,,UNLOCATED,NO,NONE,
C8,col_id_empty<7>,IOB,IO_L11N_0,INPUT,LVCMOS25*,0,,,,NONE,,UNLOCATED,NO,NONE,
C9,vec_val_full<0>,IOB,IO_L34N_GCLK18_0,INPUT,LVCMOS25*,0,,,,NONE,,UNLOCATED,NO,NONE,
C10,vec_val_full<1>,IOB,IO_L37P_GCLK13_0,INPUT,LVCMOS25*,0,,,,NONE,,UNLOCATED,NO,NONE,
C11,vec_val_full<4>,IOB,IO_L36N_GCLK14_0,INPUT,LVCMOS25*,0,,,,NONE,,UNLOCATED,NO,NONE,
C12,col_id_rd_en<11>,IOB,IO_L47N_0,OUTPUT,LVCMOS25*,0,12,SLOW,,,,UNLOCATED,NO,NONE,
C13,vec_val_wr_en<0>,IOB,IO_L50P_0,OUTPUT,LVCMOS25*,0,12,SLOW,,,,UNLOCATED,NO,NONE,
C14,vec_val_wr_en<11>,IOB,IO_L65N_SCP2_0,OUTPUT,LVCMOS25*,0,12,SLOW,,,,UNLOCATED,NO,NONE,
C15,vec_val_wr_en<6>,IOB,IO_L64P_SCP5_0,OUTPUT,LVCMOS25*,0,12,SLOW,,,,UNLOCATED,NO,NONE,
C16,,,GND,,,,,,,,,,,,
C17,,IOBM,IO_L29P_A23_M1A13_1,UNUSED,,1,,,,,,,,,
C18,,IOBS,IO_L29N_A22_M1A14_1,UNUSED,,1,,,,,,,,,
D1,,IOBS,IO_L52N_M3A9_3,UNUSED,,3,,,,,,,,,
D2,,IOBM,IO_L52P_M3A8_3,UNUSED,,3,,,,,,,,,
D3,,IOBS,IO_L54N_M3A11_3,UNUSED,,3,,,,,,,,,
D4,col_id_rd_en<0>,IOB,IO_L1P_HSWAPEN_0,OUTPUT,LVCMOS25*,0,12,SLOW,,,,UNLOCATED,NO,NONE,
D5,,,GND,,,,,,,,,,,,
D6,col_id_rd_en<4>,IOB,IO_L3P_0,OUTPUT,LVCMOS25*,0,12,SLOW,,,,UNLOCATED,NO,NONE,
D7,,,VCCO_0,,,0,,,,,2.50,,,,
D8,col_id_empty<6>,IOB,IO_L11P_0,INPUT,LVCMOS25*,0,,,,NONE,,UNLOCATED,NO,NONE,
D9,col_id_empty<14>,IOB,IO_L34P_GCLK19_0,INPUT,LVCMOS25*,0,,,,NONE,,UNLOCATED,NO,NONE,
D10,,,GND,,,,,,,,,,,,
D11,vec_val_full<3>,IOB,IO_L36P_GCLK15_0,INPUT,LVCMOS25*,0,,,,NONE,,UNLOCATED,NO,NONE,
D12,col_id_rd_en<12>,IOB,IO_L47P_0,OUTPUT,LVCMOS25*,0,12,SLOW,,,,UNLOCATED,NO,NONE,
D13,,,VCCO_0,,,0,,,,,2.50,,,,
D14,vec_val_wr_en<12>,IOB,IO_L65P_SCP3_0,OUTPUT,LVCMOS25*,0,12,SLOW,,,,UNLOCATED,NO,NONE,
D15,,,TDI,,,,,,,,,,,,
D16,,,TDO,,,,,,,,,,,,
D17,,IOBM,IO_L31P_A19_M1CKE_1,UNUSED,,1,,,,,,,,,
D18,,IOBS,IO_L31N_A18_M1A12_1,UNUSED,,1,,,,,,,,,
E1,,IOBS,IO_L50N_M3BA2_3,UNUSED,,3,,,,,,,,,
E2,,,VCCO_3,,,3,,,,,any******,,,,
E3,,IOBM,IO_L50P_M3WE_3,UNUSED,,3,,,,,,,,,
E4,,IOBM,IO_L54P_M3RESET_3,UNUSED,,3,,,,,,,,,
E5,,,VCCAUX,,,,,,,,2.5,,,,
E6,col_id_empty<1>,IOB,IO_L7N_0,INPUT,LVCMOS25*,0,,,,NONE,,UNLOCATED,NO,NONE,
E7,col_id_empty<4>,IOB,IO_L9P_0,INPUT,LVCMOS25*,0,,,,NONE,,UNLOCATED,NO,NONE,
E8,col_id_empty<5>,IOB,IO_L9N_0,INPUT,LVCMOS25*,0,,,,NONE,,UNLOCATED,NO,NONE,
E9,,,VCCAUX,,,,,,,,2.5,,,,
E10,,,VCCO_0,,,0,,,,,2.50,,,,
E11,vec_val_full<12>,IOB,IO_L42N_0,INPUT,LVCMOS25*,0,,,,NONE,,UNLOCATED,NO,NONE,
E12,vec_val_wr_en<3>,IOB,IO_L51N_0,OUTPUT,LVCMOS25*,0,12,SLOW,,,,UNLOCATED,NO,NONE,
E13,vec_val_wr_en<7>,IOB,IO_L63N_SCP6_0,OUTPUT,LVCMOS25*,0,12,SLOW,,,,UNLOCATED,NO,NONE,
E14,,,VCCAUX,,,,,,,,2.5,,,,
E15,,,GND,,,,,,,,,,,,
E16,program_wea<1>,IOB,IO_L33P_A15_M1A10_1,INPUT,LVCMOS25*,1,,,,NONE,,UNLOCATED,NO,NONE,
E17,,,VCCO_1,,,1,,,,,2.50,,,,
E18,,IOBS,IO_L33N_A14_M1A4_1,UNUSED,,1,,,,,,,,,
F1,,IOBS,IO_L48N_M3BA1_3,UNUSED,,3,,,,,,,,,
F2,,IOBM,IO_L48P_M3BA0_3,UNUSED,,3,,,,,,,,,
F3,,IOBS,IO_L51N_M3A4_3,UNUSED,,3,,,,,,,,,
F4,,IOBM,IO_L51P_M3A10_3,UNUSED,,3,,,,,,,,,
F5,,IOBS,IO_L55N_M3A14_3,UNUSED,,3,,,,,,,,,
F6,,IOBM,IO_L55P_M3A13_3,UNUSED,,3,,,,,,,,,
F7,col_id_empty<0>,IOB,IO_L7P_0,INPUT,LVCMOS25*,0,,,,NONE,,UNLOCATED,NO,NONE,
F8,col_id_empty<11>,IOB,IO_L32N_0,INPUT,LVCMOS25*,0,,,,NONE,,UNLOCATED,NO,NONE,
F9,vec_val_full<6>,IOB,IO_L38N_VREF_0,INPUT,LVCMOS25*,0,,,,NONE,,UNLOCATED,NO,NONE,
F10,vec_val_full<8>,IOB,IO_L40N_0,INPUT,LVCMOS25*,0,,,,NONE,,UNLOCATED,NO,NONE,
F11,vec_val_full<11>,IOB,IO_L42P_0,INPUT,LVCMOS25*,0,,,,NONE,,UNLOCATED,NO,NONE,
F12,vec_val_wr_en<4>,IOB,IO_L51P_0,OUTPUT,LVCMOS25*,0,12,SLOW,,,,UNLOCATED,NO,NONE,
F13,vec_val_wr_en<8>,IOB,IO_L63P_SCP7_0,OUTPUT,LVCMOS25*,0,12,SLOW,,,,UNLOCATED,NO,NONE,
F14,,IOBM,IO_L30P_A21_M1RESET_1,UNUSED,,1,,,,,,,,,
F15,vec_val_wr_en<14>,IOB,IO_L1P_A25_1,OUTPUT,LVCMOS25*,1,12,SLOW,,,,UNLOCATED,NO,NONE,
F16,vec_val_wr_en<15>,IOB,IO_L1N_A24_VREF_1,OUTPUT,LVCMOS25*,1,12,SLOW,,,,UNLOCATED,NO,NONE,
F17,program_wea<5>,IOB,IO_L35P_A11_M1A7_1,INPUT,LVCMOS25*,1,,,,NONE,,UNLOCATED,NO,NONE,
F18,program_wea<0>,IOB,IO_L35N_A10_M1A2_1,INPUT,LVCMOS25*,1,,,,NONE,,UNLOCATED,NO,NONE,
G1,,IOBS,IO_L46N_M3CLKN_3,UNUSED,,3,,,,,,,,,
G2,,,GND,,,,,,,,,,,,
G3,,IOBM,IO_L46P_M3CLK_3,UNUSED,,3,,,,,,,,,
G4,,,VCCO_3,,,3,,,,,any******,,,,
G5,,,GND,,,,,,,,,,,,
G6,,IOBS,IO_L53N_M3A12_3,UNUSED,,3,,,,,,,,,
G7,,,VCCINT,,,,,,,,1.2,,,,
G8,col_id_empty<10>,IOB,IO_L32P_0,INPUT,LVCMOS25*,0,,,,NONE,,UNLOCATED,NO,NONE,
G9,vec_val_full<5>,IOB,IO_L38P_0,INPUT,LVCMOS25*,0,,,,NONE,,UNLOCATED,NO,NONE,
G10,,,VCCAUX,,,,,,,,2.5,,,,
G11,vec_val_full<7>,IOB,IO_L40P_0,INPUT,LVCMOS25*,0,,,,NONE,,UNLOCATED,NO,NONE,
G12,,,GND,,,,,,,,,,,,
G13,,IOBS,IO_L32N_A16_M1A9_1,UNUSED,,1,,,,,,,,,
G14,,IOBS,IO_L30N_A20_M1A11_1,UNUSED,,1,,,,,,,,,
G15,,,VCCO_1,,,1,,,,,2.50,,,,
G16,program_wea<11>,IOB,IO_L38P_A5_M1CLK_1,INPUT,LVCMOS25*,1,,,,NONE,,UNLOCATED,NO,NONE,
G17,,,GND,,,,,,,,,,,,
G18,program_wea<6>,IOB,IO_L38N_A4_M1CLKN_1,INPUT,LVCMOS25*,1,,,,NONE,,UNLOCATED,NO,NONE,
H1,,IOBS,IO_L41N_GCLK26_M3DQ5_3,UNUSED,,3,,,,,,,,,
H2,,IOBM,IO_L41P_GCLK27_M3DQ4_3,UNUSED,,3,,,,,,,,,
H3,,IOBS,IO_L44N_GCLK20_M3A6_3,UNUSED,,3,,,,,,,,,
H4,,IOBM,IO_L44P_GCLK21_M3A5_3,UNUSED,,3,,,,,,,,,
H5,,IOBS,IO_L49N_M3A2_3,UNUSED,,3,,,,,,,,,
H6,,IOBM,IO_L49P_M3A7_3,UNUSED,,3,,,,,,,,,
H7,,IOBM,IO_L53P_M3CKE_3,UNUSED,,3,,,,,,,,,
H8,,,GND,,,,,,,,,,,,
H9,,,VCCINT,,,,,,,,1.2,,,,
H10,,,GND,,,,,,,,,,,,
H11,,,VCCINT,,,,,,,,1.2,,,,
H12,rst,IOB,IO_L32P_A17_M1A8_1,INPUT,LVCMOS25*,1,,,,NONE,,UNLOCATED,NO,NONE,
H13,program_wea<7>,IOB,IO_L36P_A9_M1BA0_1,INPUT,LVCMOS25*,1,,,,NONE,,UNLOCATED,NO,NONE,
H14,program_wea<2>,IOB,IO_L36N_A8_M1BA1_1,INPUT,LVCMOS25*,1,,,,NONE,,UNLOCATED,NO,NONE,
H15,program_wea<9>,IOB,IO_L37P_A7_M1A0_1,INPUT,LVCMOS25*,1,,,,NONE,,UNLOCATED,NO,NONE,
H16,program_wea<4>,IOB,IO_L37N_A6_M1A1_1,INPUT,LVCMOS25*,1,,,,NONE,,UNLOCATED,NO,NONE,
H17,,IOBM,IO_L43P_GCLK5_M1DQ4_1,UNUSED,,1,,,,,,,,,
H18,,IOBS,IO_L43N_GCLK4_M1DQ5_1,UNUSED,,1,,,,,,,,,
J1,,IOBS,IO_L40N_M3DQ7_3,UNUSED,,3,,,,,,,,,
J2,,,VCCO_3,,,3,,,,,any******,,,,
J3,,IOBM,IO_L40P_M3DQ6_3,UNUSED,,3,,,,,,,,,
J4,,,GND,,,,,,,,,,,,
J5,,,VCCO_3,,,3,,,,,any******,,,,
J6,,IOBS,IO_L47N_M3A1_3,UNUSED,,3,,,,,,,,,
J7,,IOBM,IO_L47P_M3A0_3,UNUSED,,3,,,,,,,,,
J8,,,VCCINT,,,,,,,,1.2,,,,
J9,,,GND,,,,,,,,,,,,
J10,,,VCCINT,,,,,,,,1.2,,,,
J11,,,GND,,,,,,,,,,,,
J12,,,VCCAUX,,,,,,,,2.5,,,,
J13,program_wea<13>,IOB,IO_L39P_M1A3_1,INPUT,LVCMOS25*,1,,,,NONE,,UNLOCATED,NO,NONE,
J14,,,VCCO_1,,,1,,,,,2.50,,,,
J15,,,GND,,,,,,,,,,,,
J16,,IOBM,IO_L44P_A3_M1DQ6_1,UNUSED,,1,,,,,,,,,
J17,,,VCCO_1,,,1,,,,,2.50,,,,
J18,,IOBS,IO_L44N_A2_M1DQ7_1,UNUSED,,1,,,,,,,,,
K1,,IOBS,IO_L38N_M3DQ3_3,UNUSED,,3,,,,,,,,,
K2,,IOBM,IO_L38P_M3DQ2_3,UNUSED,,3,,,,,,,,,
K3,clk,IOB,IO_L42N_GCLK24_M3LDM_3,INPUT,LVCMOS25*,3,,,,NONE,,UNLOCATED,NO,NONE,
K4,,IOBM,IO_L42P_GCLK25_TRDY2_M3UDM_3,UNUSED,,3,,,,,,,,,
K5,,IOBS,IO_L43N_GCLK22_IRDY2_M3CASN_3,UNUSED,,3,,,,,,,,,
K6,,IOBS,IO_L45N_M3ODT_3,UNUSED,,3,,,,,,,,,
K7,,,VCCAUX,,,,,,,,2.5,,,,
K8,,,GND,,,,,,,,,,,,
K9,,,VCCINT,,,,,,,,1.2,,,,
K10,,,GND,,,,,,,,,,,,
K11,,,VCCINT,,,,,,,,1.2,,,,
K12,program_wea<3>,IOB,IO_L34P_A13_M1WE_1,INPUT,LVCMOS25*,1,,,,NONE,,UNLOCATED,NO,NONE,
K13,,IOBS,IO_L34N_A12_M1BA2_1,UNUSED,,1,,,,,,,,,
K14,program_wea<8>,IOB,IO_L39N_M1ODT_1,INPUT,LVCMOS25*,1,,,,NONE,,UNLOCATED,NO,NONE,
K15,program_wea<14>,IOB,IO_L41P_GCLK9_IRDY1_M1RASN_1,INPUT,LVCMOS25*,1,,,,NONE,,UNLOCATED,NO,NONE,
K16,,IOBS,IO_L41N_GCLK8_M1CASN_1,UNUSED,,1,,,,,,,,,
K17,,IOBM,IO_L45P_A1_M1LDQS_1,UNUSED,,1,,,,,,,,,
K18,,IOBS,IO_L45N_A0_M1LDQSN_1,UNUSED,,1,,,,,,,,,
L1,,IOBS,IO_L37N_M3DQ1_3,UNUSED,,3,,,,,,,,,
L2,,IOBM,IO_L37P_M3DQ0_3,UNUSED,,3,,,,,,,,,
L3,,IOBS,IO_L39N_M3LDQSN_3,UNUSED,,3,,,,,,,,,
L4,,IOBM,IO_L39P_M3LDQS_3,UNUSED,,3,,,,,,,,,
L5,,IOBM,IO_L43P_GCLK23_M3RASN_3,UNUSED,,3,,,,,,,,,
L6,,IOBM,IO_L31P_3,UNUSED,,3,,,,,,,,,
L7,,IOBM,IO_L45P_M3A3_3,UNUSED,,3,,,,,,,,,
L8,,,VCCINT,,,,,,,,1.2,,,,
L9,,,GND,,,,,,,,,,,,
L10,,,VCCINT,,,,,,,,1.2,,,,
L11,,,GND,,,,,,,,,,,,
L12,program_wea<12>,IOB,IO_L40P_GCLK11_M1A5_1,INPUT,LVCMOS25*,1,,,,NONE,,UNLOCATED,NO,NONE,
L13,program_wea<10>,IOB,IO_L40N_GCLK10_M1A6_1,INPUT,LVCMOS25*,1,,,,NONE,,UNLOCATED,NO,NONE,
L14,,IOBM,IO_L61P_1,UNUSED,,1,,,,,,,,,
L15,program_wea<15>,IOB,IO_L42P_GCLK7_M1UDM_1,INPUT,LVCMOS25*,1,,,,NONE,,UNLOCATED,NO,NONE,
L16,,IOBS,IO_L42N_GCLK6_TRDY1_M1LDM_1,UNUSED,,1,,,,,,,,,
L17,,IOBM,IO_L46P_FCS_B_M1DQ2_1,UNUSED,,1,,,,,,,,,
L18,,IOBS,IO_L46N_FOE_B_M1DQ3_1,UNUSED,,1,,,,,,,,,
M1,,IOBS,IO_L36N_M3DQ9_3,UNUSED,,3,,,,,,,,,
M2,,,GND,,,,,,,,,,,,
M3,,IOBM,IO_L36P_M3DQ8_3,UNUSED,,3,,,,,,,,,
M4,,,VCCO_3,,,3,,,,,any******,,,,
M5,,IOBS,IO_L31N_VREF_3,UNUSED,,3,,,,,,,,,
M6,,,GND,,,,,,,,,,,,
M7,,,VCCINT,,,,,,,,1.2,,,,
M8,,IOBM,IO_L40P_2,UNUSED,,2,,,,,,,,,
M9,,,VCCAUX,,,,,,,,2.5,,,,
M10,,IOBM,IO_L22P_2,UNUSED,,2,,,,,,,,,
M11,,IOBM,IO_L15P_2,UNUSED,,2,,,,,,,,,
M12,,,VCCINT,,,,,,,,1.2,,,,
M13,,IOBS,IO_L61N_1,UNUSED,,1,,,,,,,,,
M14,,IOBM,IO_L53P_1,UNUSED,,1,,,,,,,,,
M15,,,VCCO_1,,,1,,,,,2.50,,,,
M16,,IOBM,IO_L47P_FWE_B_M1DQ0_1,UNUSED,,1,,,,,,,,,
M17,,,GND,,,,,,,,,,,,
M18,,IOBS,IO_L47N_LDC_M1DQ1_1,UNUSED,,1,,,,,,,,,
N1,,IOBS,IO_L35N_M3DQ11_3,UNUSED,,3,,,,,,,,,
N2,,IOBM,IO_L35P_M3DQ10_3,UNUSED,,3,,,,,,,,,
N3,,IOBS,IO_L1N_VREF_3,UNUSED,,3,,,,,,,,,
N4,,IOBM,IO_L1P_3,UNUSED,,3,,,,,,,,,
N5,,IOBM,IO_L64P_D8_2,UNUSED,,2,,,,,,,,,
N6,,IOBM,IO_L47P_2,UNUSED,,2,,,,,,,,,
N7,,IOBM,IO_L44P_2,UNUSED,,2,,,,,,,,,
N8,,IOBS,IO_L40N_2,UNUSED,,2,,,,,,,,,
N9,,IOBS,IO_L22N_2,UNUSED,,2,,,,,,,,,
N10,,IOBM,IO_L20P_2,UNUSED,,2,,,,,,,,,
N11,,IOBS,IO_L15N_2,UNUSED,,2,,,,,,,,,
N12,,IOBM,IO_L13P_M1_2,UNUSED,,2,,,,,,,,,
N13,,,GND,,,,,,,,,,,,
N14,,IOBS,IO_L53N_VREF_1,UNUSED,,1,,,,,,,,,
N15,,IOBM,IO_L50P_M1UDQS_1,UNUSED,,1,,,,,,,,,
N16,,IOBS,IO_L50N_M1UDQSN_1,UNUSED,,1,,,,,,,,,
N17,,IOBM,IO_L48P_HDC_M1DQ8_1,UNUSED,,1,,,,,,,,,
N18,,IOBS,IO_L48N_M1DQ9_1,UNUSED,,1,,,,,,,,,
P1,,IOBS,IO_L34N_M3UDQSN_3,UNUSED,,3,,,,,,,,,
P2,,IOBM,IO_L34P_M3UDQS_3,UNUSED,,3,,,,,,,,,
P3,,IOBS,IO_L2N_3,UNUSED,,3,,,,,,,,,
P4,,IOBM,IO_L2P_3,UNUSED,,3,,,,,,,,,
P5,,,VCCAUX,,,,,,,,2.5,,,,
P6,,IOBS,IO_L64N_D9_2,UNUSED,,2,,,,,,,,,
P7,,IOBS,IO_L47N_2,UNUSED,,2,,,,,,,,,
P8,,IOBS,IO_L44N_2,UNUSED,,2,,,,,,,,,
P9,,,VCCO_2,,,2,,,,,any******,,,,
P10,,,VCCAUX,,,,,,,,2.5,,,,
P11,,IOBS,IO_L20N_2,UNUSED,,2,,,,,,,,,
P12,,IOBS,IO_L13N_D10_2,UNUSED,,2,,,,,,,,,
P13,,,CMPCS_B_2,,,,,,,,,,,,
P14,,,VCCAUX,,,,,,,,2.5,,,,
P15,,IOBM,IO_L74P_AWAKE_1,UNUSED,,1,,,,,,,,,
P16,,IOBS,IO_L74N_DOUT_BUSY_1,UNUSED,,1,,,,,,,,,
P17,,IOBM,IO_L49P_M1DQ10_1,UNUSED,,1,,,,,,,,,
P18,,IOBS,IO_L49N_M1DQ11_1,UNUSED,,1,,,,,,,,,
R1,,,GND,,,,,,,,,,,,
R2,,,VCCO_3,,,3,,,,,any******,,,,
R3,,IOBM,IO_L62P_D5_2,UNUSED,,2,,,,,,,,,
R4,,,GND,,,,,,,,,,,,
R5,,IOBM,IO_L48P_D7_2,UNUSED,,2,,,,,,,,,
R6,,,VCCO_2,,,2,,,,,any******,,,,
R7,,IOBM,IO_L46P_2,UNUSED,,2,,,,,,,,,
R8,,IOBM,IO_L31P_GCLK31_D14_2,UNUSED,,2,,,,,,,,,
R9,,,GND,,,,,,,,,,,,
R10,,IOBM,IO_L29P_GCLK3_2,UNUSED,,2,,,,,,,,,
R11,,IOBM,IO_L16P_2,UNUSED,,2,,,,,,,,,
R12,,,VCCO_2,,,2,,,,,any******,,,,
R13,,IOBM,IO_L3P_D0_DIN_MISO_MISO1_2,UNUSED,,2,,,,,,,,,
R14,,,GND,,,,,,,,,,,,
R15,,IOBM,IO_L1P_CCLK_2,UNUSED,,2,,,,,,,,,
R16,,,SUSPEND,,,,,,,,,,,,
R17,,,VCCO_1,,,1,,,,,2.50,,,,
R18,,,GND,,,,,,,,,,,,
T1,,IOBS,IO_L33N_M3DQ13_3,UNUSED,,3,,,,,,,,,
T2,,IOBM,IO_L33P_M3DQ12_3,UNUSED,,3,,,,,,,,,
T3,,IOBS,IO_L62N_D6_2,UNUSED,,2,,,,,,,,,
T4,,IOBM,IO_L63P_2,UNUSED,,2,,,,,,,,,
T5,,IOBS,IO_L48N_RDWR_B_VREF_2,UNUSED,,2,,,,,,,,,
T6,,IOBM,IO_L45P_2,UNUSED,,2,,,,,,,,,
T7,,IOBS,IO_L46N_2,UNUSED,,2,,,,,,,,,
T8,,IOBS,IO_L31N_GCLK30_D15_2,UNUSED,,2,,,,,,,,,
T9,,IOBM,IO_L32P_GCLK29_2,UNUSED,,2,,,,,,,,,
T10,,IOBS,IO_L29N_GCLK2_2,UNUSED,,2,,,,,,,,,
T11,,IOBS,IO_L16N_VREF_2,UNUSED,,2,,,,,,,,,
T12,,IOBM,IO_L19P_2,UNUSED,,2,,,,,,,,,
T13,,IOBS,IO_L3N_MOSI_CSI_B_MISO0_2,UNUSED,,2,,,,,,,,,
T14,,IOBM,IO_L12P_D1_MISO2_2,UNUSED,,2,,,,,,,,,
T15,,IOBS,IO_L1N_M0_CMPMISO_2,UNUSED,,2,,,,,,,,,
T16,,,GND,,,,,,,,,,,,
T17,,IOBM,IO_L51P_M1DQ12_1,UNUSED,,1,,,,,,,,,
T18,,IOBS,IO_L51N_M1DQ13_1,UNUSED,,1,,,,,,,,,
U1,,IOBS,IO_L32N_M3DQ15_3,UNUSED,,3,,,,,,,,,
U2,,IOBM,IO_L32P_M3DQ14_3,UNUSED,,3,,,,,,,,,
U3,,IOBM,IO_L65P_INIT_B_2,UNUSED,,2,,,,,,,,,
U4,,,VCCO_2,,,2,,,,,any******,,,,
U5,,IOBM,IO_L49P_D3_2,UNUSED,,2,,,,,,,,,
U6,,,GND,,,,,,,,,,,,
U7,,IOBM,IO_L43P_2,UNUSED,,2,,,,,,,,,
U8,,IOBM,IO_L41P_2,UNUSED,,2,,,,,,,,,
U9,,,VCCO_2,,,2,,,,,any******,,,,
U10,,IOBM,IO_L30P_GCLK1_D13_2,UNUSED,,2,,,,,,,,,
U11,,IOBM,IO_L23P_2,UNUSED,,2,,,,,,,,,
U12,,,GND,,,,,,,,,,,,
U13,,IOBM,IO_L14P_D11_2,UNUSED,,2,,,,,,,,,
U14,,,VCCO_2,,,2,,,,,any******,,,,
U15,,IOBM,IO_L5P_2,UNUSED,,2,,,,,,,,,
U16,,IOBM,IO_L2P_CMPCLK_2,UNUSED,,2,,,,,,,,,
U17,,IOBM,IO_L52P_M1DQ14_1,UNUSED,,1,,,,,,,,,
U18,,IOBS,IO_L52N_M1DQ15_1,UNUSED,,1,,,,,,,,,
V1,,,GND,,,,,,,,,,,,
V2,,,PROGRAM_B_2,,,,,,,,,,,,
V3,,IOBS,IO_L65N_CSO_B_2,UNUSED,,2,,,,,,,,,
V4,,IOBS,IO_L63N_2,UNUSED,,2,,,,,,,,,
V5,,IOBS,IO_L49N_D4_2,UNUSED,,2,,,,,,,,,
V6,,IOBS,IO_L45N_2,UNUSED,,2,,,,,,,,,
V7,,IOBS,IO_L43N_2,UNUSED,,2,,,,,,,,,
V8,,IOBS,IO_L41N_VREF_2,UNUSED,,2,,,,,,,,,
V9,,IOBS,IO_L32N_GCLK28_2,UNUSED,,2,,,,,,,,,
V10,,IOBS,IO_L30N_GCLK0_USERCCLK_2,UNUSED,,2,,,,,,,,,
V11,,IOBS,IO_L23N_2,UNUSED,,2,,,,,,,,,
V12,,IOBS,IO_L19N_2,UNUSED,,2,,,,,,,,,
V13,,IOBS,IO_L14N_D12_2,UNUSED,,2,,,,,,,,,
V14,,IOBS,IO_L12N_D2_MISO3_2,UNUSED,,2,,,,,,,,,
V15,,IOBS,IO_L5N_2,UNUSED,,2,,,,,,,,,
V16,,IOBS,IO_L2N_CMPMOSI_2,UNUSED,,2,,,,,,,,,
V17,,,DONE_2,,,,,,,,,,,,
V18,,,GND,,,,,,,,,,,,

# -----,-----,-----,-----,-----,-----,-----,-----,-----,-----,-----,-----,-----,-----,-----,
# 
#* Default value.
#** This default Pullup/Pulldown value can be overridden in Bitgen. 
#****** Special VCCO requirements may apply. Please consult the device 
#       family datasheet for specific guideline on VCCO requirements. 
#
#
#